index,Unnamed: 0,Uniref_ID,Cluster:,Cluster_protein_name,protein_seq
29203863,29203863,>UniRef90_UPI000DA62C05|2472,Cluster:,ATP-bindingprotein,MMYFPHEKRFVQKLGTKIQNGSQQIVTTGSSGCGKSYSVESFLKSYDDEDTKVLYLVGDKELMDRDYKPFLDGLSNVAPATKSFQKPITELVESIPSIGKPLKILLNLMFDQMNEKRKNRDSILTEIEQDIICRIEALSKRYRLIFFCDHFHYWDERSLKLMYVILDGIQTKYKFLSNALFLFAITTDQENSYRNRIDAVINRECVVKLPFPEMEFDDFDITLRMLNYSGSLSITEKKMLHSLVKGHLTMLKELIRELTNKNVDLSNADQGIKKLLLQVLENRLNDSGLESSKINFVLEYASILGVTFSKFELSRITELENNYFNRIIDNARSMELVHEPRYGQLKFAHEFIRDIFQMKISSQEIAYYRKIEKCIGEIAPDHYHRRAQYRFKVGDTHEGLILFVLEIIKQIRENGDVTPSLSEQAQVLLRDHPQYLSYVDSMKAAMHLYQENKYNEAYIKISAINDTLPNQLIAEKQILRSLTYSKKIDADFRKEGIRILSQYGSLEQCGNERDIYERVKIRLMTMYIHINELQTARKTEEEIIASLRERIGQDDTAEDRLHRLNLISASVYDCEIACSKIEEAVAYFGPNGSNNYLWTNLKQYYISLINYSASLCVCGRYQDSFKAAEKARDLMEENPNFDFPRIRISVNNYLLSGYLSGYFKPHECVEGFKGMIADMPLCAERLFYTSNLSIFLALDGKVEEAFETLKLEGNLQASHDDPEKIYNYRVVVNCAVFQYLLGNIKDAIEQLAEIADDKMDTVGGSLMMRRKTELLHFMKTSLSHPDYREWETVLLSSTSEMQVNPWNYYGRGYVFSALNNWDLW
12580068,12580068,>UniRef90_A0A317E228|1362,Cluster:,ATP-bindingprotein,MMARLGIVWRLVLILLAALILVQMITTALYFWRREQAFDARLRSPIADQVAAMASLVDEADPLEREVMLRAFNSQDLLVSINAERGADLPDGRPLRPMEGRVRAELPALTPPRLVVIRMETDIEQSRRLPVLSRLFAGKVAATVGLADGRYLHVLADGDLMPRLFGLQPGFFAGVIGFMVALLVVVLFTRESKPLRHLARSVQDFGRDAEPRPVKEAGAAEVRVLIRAFNDMQGRLAELMRNRAFILGALAHDLRTYLTRLRLRAEFLPDAAEREQWIRNLDHMGRMVEDSLTFARVSFGADRDARSDLALISRREIEERRALGLAVTGSIGPDAAPVAGSETALARALANLVDNALKYAGGAEVSLTRDGKFFILAVEDRGPGLPVEARAQLAQPFQQADTARTKGTGAagagaglglAIAREIAAGLGGALELGDRPGGGARILLRLPAISP
12579676,12579676,>UniRef90_A0A349QPJ9|1281,Cluster:,ATP-bindingprotein,MRLEIQHFSKIKQASVKLDGITVIAGENNTGKSTIGKILACMFNSMYKVDEKASKKKKEQIETLLRYNWENIWYHNLRKGEQRTTVNVPSRISRKRYANAAELIMAADEEGKIKIISELYNNFQNVLEDESREALCRDILEKVNGVLNLKTETVEQTLIANTFGRYFYDQMNDLYEPESEAEATLVIQGKKVHVGIKKNSEYVIEREIPIMHEAISIDSPAIMNHMNSWEYSDGLSAQDLLLLHKLSDTTEDNVVAELVAGEKMDDIMQILSEVTTGKVIKNDDGEYILADDEMHFFEIGNLSMGIKAFSIFRTLLEKGTIRENDILILDEPEIHLHPEWQLVYAELIVLLEKYLHLTILITTHSPYFLESIEAYTQKYNVDDITNYYLAQAEGKETVMKDVTGNLQPVYQLLAKPFEKLESVQMSE
29205863,29205863,>UniRef90_UPI0004249880|840,Cluster:,ATP-bindingprotein,MSENSCGSGGCATNKEAEEKKMAELMGRIKNKIVVLSGKGGVGKSTVAANLAVGLSLEGNKTGLLDVDVHGPSIPRLLKLTGTRPGVRNDTMIPVEYSWNLGVMSVGFLLPDEHEAVVWRGPVKGSVIKQFLDGVEWGERDYLIIDCPPGTGDEPLSVLQFLGKDAKAVIVTSPQAVAMDDVRRSITFCRLMDTEIIGIVENMSGFVCPDCGAVHNIFDTGGGERLALDAGVPFLGRIPIDMEAAKAGDNGEALLAVKSDSPASQAFKHVVRAVIKSSKK
54075245,54075245,>UniRef90_UPI000DAD88FF|1797,Cluster:,ATP-bindingprotein,MMHNSTALGIIVSVSSTSVVAKLLKEVDSGLLVIQGRTHKVGQVGSFIRIPQGYNDLYGIVSSSSESNSSIKKDDTIDSSQRFITIELVGESSGNHFDRGISQYPSVNDEIHLVLEENLKVVYGNEGDNLITVGHLASSESINVNIDIDKLVTRHSAIVGSTGSGKSTSVTSILRSLCCPDNTENVKSSARIILVDIHGEYSNALRDIAHVFSISPSAKQKQLHIPFWALPTDKLIDFLCGSMSESYKNNMIEMIVEEKKKSIPANNYDYIDDNKVTPYTPLPFSIKKIWYDSLVNDTSTYQEDTFQTLSYLDGQIGNAEELIPPKFTPPEPGKKAPYKKGPHALTKQLNLMKARLLDSQYGFFLSPDNYTPDENGKVEKDLYDLLSEWLDHEKPISILDLSGMPSTQFDTLLGSILNMLFEASIWGRNLPNGFKNHPVLFVLEEAHRYLSGEFDGLTKSLVQRIAKEGRKFGVGLMIISQRPSEIDDTILSQCGTLFSLRLSNSTDRSKVKAAMSDGLSSLIDTLPVLRTGEAIIIGEAAKLPARCKFKLPPDGFYPDSVDPKVSEAWGKERKNRSFEKLVMAWRLNKPLNEDGEKND
12579058,12579058,>UniRef90_A0A142NBT7|2160,Cluster:,ATP-bindingprotein,MTDVSITVPEPAAAEAREDYSPWLEAVLKVARHYRLDVSPESVRLASVHSEGRVEEVVRHMARQAGLSVKFAVFDNKSLSRWRTPLVVQLRDGQVGVLESIGETGELGICFSGDQGLQSRMDATALAEQALRTVILRPTQPVADVRTNDYIKPYDEHWFRRIVLTDLRPYSQVMIASLVANLLGMAGVLFSMQVYDRVIPAESLPTLYVLFGGVTLALLFDFVMRILRLRITDVLGKRADLRVSDLVFGHALRLRNSARPKSTGSFISQLRELEQIRDLITSSTATALADMPFFLLFLLVFYLIGGPLVLIPLVALVFMLLPGIIAQPRLARLANASMREAALRNAMLVESIQGLDDIKALQAEQRFQQQWNQYNAASADSSLRLRTLTNSLVAWTQNVQGGVFAVVIVFGAPMVIAGDLTTGSLVAASILSSRMMGPMAQLTHVLTRWQQAKVALEGLNRIMQMPVDHPEGSQRVHLPAIRGDYRLRQASFRYSEEATPALNNIDLSIRPGERIALLGRNGAGKSTLLQALGGAMDLSSGETTLDGIALAHLDPADLRRDVGLLSQQARLFHGTLRDNITLGAGQASDQEIIAALTVTGALDFVRQLPKGMDHLVLEGGLGLSGGQRQSLLLSRLLIRQPQVLLLDEPTAALDDVTERLLLEKLATWTQGRTLVVATHRVSVLQLVERIIVLDNGRIVIDDHRDAALARLRTPGKGVAV
73229998,73229998,>UniRef90_A0A3A9GH37|1029,Cluster:,ATP-bindingprotein,MLLLTGNLQNKEPDMGYSKEIYRLAQQELDRRRNTARDTAEKHQAEIYSAIPRIREIQKELADSGLRAVQAAIYGGPNSPQALSSLRIKNQALQMERVKLLESARLPADFLEVHYTCPKCQDTGYIINRRCECLEKLLRRFAYRQVSESGGLGECRFENFLLSYYPDIPNQDGKIPRKIMAGILNSCQEYARNFLPNGESLLFRGHTGLGKTHLSLAIAYEAIEKGYGVYYASSQRLLDKLQAKQFQRQAKEDTDYQEMAENCDLLILDDLGAEYSTNFTVAALQNLINVRLTESRPTIVSTNLNTSMLTERYGERSVSRLLCSYRAFTFCGDDIRMIKRMEH
54078770,54078770,>UniRef90_UPI000371B0D8|453,Cluster:,ATP-bindingprotein,MWSPRWAYFGGNTTDVARVREWSVRDALLQNGRGFWVELVFSELASNAVEHTATGEQHGRMWVGLELLSDQVVLLSVVDQGRKWGGPFSTPQLVDRQPGEMNPGGRGLWLVDRIAEYWWWEGELGMPLEMRAMVRLDREPDLGEAWYDLAS
54074445,54074445,>UniRef90_UPI000F5878A3|450,Cluster:,ATP-bindingprotein,MQRNIMKIIKNFIVKNRLSEFPELAGFLAIFGREHQLTDELVFDITLALEEIFSNIVFYSYADNNEHRIEIHIGLQDDEIILEIRDDGTPFNPLEAPKPDIRRPFSEREPGGLGIFLVHNLMDALDYRTDQGKNILVLKKTARYADLEAS
54078839,54078839,>UniRef90_A0A350BH50|543,Cluster:,ATP-bindingprotein,MRELSLHILDIAQNSIESGARNIEILIDEDESSDVLTIVIADDGKGIPPEILKSITDPFVTTRKTRRVGLGIPLFQEAARMAGGDLEVRSTVGEGTEVIAEFKLSSIDRAPLGDMAETMALLMVLNPDVNFRYEHTRGYAKFVCSTDALVEMLGDTPIWSPSAVPVIRSIIREGLRNVQAS
12584422,12584422,>UniRef90_UPI00099C8440|1365,Cluster:,ATP-bindingprotein,MDGLSTFMDRPLLSTQRPWCESLVHKAIWGCRHVLLSFRVANHGSIREPQELNFVPVYEDDERPAVTVVAIYGANASGKSTVVDAFMFFIGAVTHSQARWLPGAPVPRMPFLLDHTSRGEPSSYAVDLLLEGVRHVYGFSVTDAEVREEWLYVYPKGRRRVLFERDGMAMTYGATLTGERVAAERMMRPNSLYLSAAAQSSHPRLGQVWEAVGGALVTQDATRQALTDSGAFAVLAYETMASAGLPSAGDVLAAADLGVHGIRRRAQAAGIPASVDPPAEESWRDMTAGVLDFVHQVGDEEFVLSVEDESAGTKIWLDMATSALTRITNGSAMWVDELDVSLHPMLTGKLVKLFQDPELNPLGAQLIFTTHDASLLGTMLGEQVLRRDQIWFVEKDLGTGASELFPLSDFKPRKGENFERRYLAGSYGAVPLVPETAFEDMLKTYWGVHGEVVST
54082194,54082194,>UniRef90_A0A290X8T0|1527,Cluster:,ATP-bindingprotein,MTTFPIARVGDVSLEIQGKMANRHGLIAGATGTGKTVTLRRMAEAFSSQGVPVFLVDVKGDLSGISQVGAASGKVGERIAEFGLGESWLQNFPVRFWDVFGETGIPVRVTVSEMGPMLLARLMNLNDTQEGLLNLVFKVADDRGWHIWDLKDLRSMLKHVSDNAAEYRTQYGNVSAASIGAIQRQLLTLENEGANGFFGEPALNLADWMQSENGKGVINILNSERLMRSPRMYSAFLLWMLAELFEMLPEVGDPEKPKFVMFFDEAHLMFDNAAAALVEQVEQVVRLIRSKGVGVYFVTQNPLDLPDTILGQLGNRVQHALRAFTPRDQKAVRAAAETFRSNPNIKVAEAIAELGVGEALVSFLDEKGMPAPVERAYVLPPQSALAPLSKEERDALYQHDDLYQTYKDMIDNYSAFEALAELDSEQAAAKQAEEAAKaqvqaekeaakaqanqdPGLLggfiggltggrkksgqgvgynvadavgsqinrqvtnaisRSVMGIIKNLLK
12587641,12587641,>UniRef90_UPI000F043B8D|1158,Cluster:,ATP-bindingprotein,MMAIYHRQELAQRMAQQLLSPGILDEGLRSGLFISGLRRTGKTTFLIADLVPALEEKGAIVIYVDLWSDTLTSPSALLHQAIGEKLAELETPASGILERLTKINGLDLGGFGFKFGFKLQDLGREGGVTLAQALREVVDKAKTDLVLIVDEVQQATASDDGHNMMLALKAARDSINPRPGTAGHLIFIGTGSHRAQLSEMTAKRNQAFAGATSISYPVLDEGYVNFLMGLYGAEVDAQRLPSGEVAMQAFRALGNRPEELKRALGQVVRQGGDPNIVMPIVAQTLRSTVADGEILKVEKLGSLAVEIFGRIAGSDTPVSRLFSVEAAGDYTKAIGRDVRVEEIQPVINALLTENLIMRVGHGSYTLSDPYVGEMWKENLALLGRAK
54082172,54082172,>UniRef90_UPI000A110B47|528,Cluster:,ATP-bindingprotein,MPGPERRGEISRRVSAGKRTANPCPCAPAREVDCICPPTIRRRYLGRLSGPLLDRVDLRIRMKGVATGALMDEVGESTEAVRGRVAAARHAATERWRPYGWRTNAEVPGPALRQRFRLPRESVAPLERLLSKGVITARGADRALRVAWTLADLAGLETPGTDQVTTALEFRDRGAS
54082103,54082103,>UniRef90_UPI0004C006BA|1470,Cluster:,ATP-bindingprotein,MTYDIAAPEPAGMIASLSSLGYSLPAAIADLVDNSVSANARNIDVEFTWAGPDSWVAVVDDGNGMDAGELATAMTVAARGPSTPRSPTDLGRFGVGLKSASFSQARQLTVATARSGEWHVRTWDLDVVEKFGEWRLLYGADDETTGLLTRIRGTAGHGTIVLWRRLNGYHVDGVTEDDEQTQKQFYAEVDRVGAHLGMVFARFLVGSRRRFIRVSGDVVEPWDPFLSGHPSVLPLPPETLVLSSGRVRVEAFVLPSAQRLTDEEYEKAAGPRGWLDQQGFYVYRRDRLILAGDWLGQKGLRREEKYNLARIAVEIPAETDVEWGVDVRKSSVVPPVGLRPHLRRIALRARGQAADVLRHRGQIAARTHGDPFAYAWKVGRRDDQVSCRINREHPLVTALLRRGGEARDVRALIHLLEETVPVTALRVLHETDTVDDPEPFGGPGPADAKAAEVAQRIYEVMILDGRSPAAARERLRTMPPFDQMQGFWNT
29199215,29199215,>UniRef90_UPI00039A1501|1320,Cluster:,ATP-bindingprotein,MGSLSDFERLARLPEAERERVLAGLNGAAAEALAHDWRWLARPEQLAPGGDWTIWLMMAGRGFGKTRAGAEWVRTIAENDPSARIAIVGATLGETRAVMVEGPSGILAVAPWWNRPVFSPALRRLLWPNGAVASLFGAAEPESLRGPQFSHGWADEIAKWPAGEMCWDNLMMGMRLGARPRVLATTTPRPVPLVCGLVARDGADVVVTRGRTADNAAHLADGFVAAMERSYGGTRLGRQELHGELIEDVQGALWSRDLLERCRVPHVPQGGTLSRVVVAVDPPASADGDACGIVVAGLGGDGRAYVIADATVEGMRPEGWARAVAAAAVAHGADRVVAEANNGGAMVESVLRAAEAALPVRLVHASRGKVARAEPVAALYEAGRVAHRGALWQLEDQMCGMVMGGGYVGPGRSPDRADALVWALTELMLGRWSDARVRII
73222701,73222701,>UniRef90_A0A328B222|498,Cluster:,ATP-bindingprotein,MTATLHVIFGPSGAGKTTYAHAFARRERAVAFILDDWMARLFGPDMPEPLEYDWMIERVGRCEAQIWSAAAAVLATGTSVILDIGLMRKADRARVREIATATELPLQFHFVDAPQEVRRARVGERNVVRGESFAIEVSPDMFEFIEGVFEAPDADELVGAIRSESA
29199641,29199641,>UniRef90_UPI0006475EF3|3507,Cluster:,ATP-bindingprotein,MTNFDFHNLLFPTEFERFCLDIIKIKEPNLEFRTFGEWADNGIDLLCTTEGKSIIGQCKRYNPNNFNSLKQSLNKEVKKCKKQNPERYILFTSVILGKEQFEVIVDLFEGYLKQSDIIDAEKLNEFLRDEGNYGHILKSHSKLLVPNFQLVEQALEKVVDRVVNKRHYEETIDFLNKIKRKHKLFHHTKQIRFLIEQLEESKIIILTGNPGVGKTTTAMLIANYFLNKKVKDMVFLQEDFEKIGDVREDNRLIVVDDFWGQNFTAKEGRGGQYSTYQRKFQQVVEHFSNSNNRYLILTSRDYVIKDMLNGAEFETQNLLNTNKYIIDIEELSNEDKVKILLNHLLFYDFDLSYFQDARYNDSFEHIIQHQNYSPRHLDFFIKTYLSEEYQSSYVFYESLYKYLGNPTAFWKEAFQKLNPTAKAILLILLVSGDPMNTDDLKSSFNNIQIKAREILNEGIIPTDFDRELKKLEEFYISSDWDEYYFDKSIKFQSPGIKDYLLEYLRNDGYLWIYPIISNASFFNQLTSVFSSKEEKINDYESEFPLYGQKIRLSEDLKSLLKQKLLTEFENLNFCNYEGKELTDELTRYHSNDETKSFKLIVLNRLFPIERNENIDVRNFMLDKVMVDINSFDGNRKVVDHRSMIYFPDVVKLLLPYLETSPNDIIRIYHKSINFADEYRYLYEFKEIYPLAFHKFYDNNIQSIKKHIKKLIFEDIDHYLEEDEGKIGIELDFLLNWGIEELRKQYNFRLTERYINELETTFEMNFSSLCKAKSPKKKACNTHSKFKQKEKEYNPKPYTTLIKEYLPGEEESYNPLLFLKKKGNKELLNVVKKSDSCLSSLKDSREIFEGICNFIVEYNVVVNELDTFQLIDKFFKCHCNRIRVQPELLIKATYKVIEELEQSDRYSTTKSRVFQVFKEIGMQKIQIEDLKPILIPYGNWYRFSDSDIKTYIVAKYVDSFEADQFSKRVTESLWEYDNHQILQFLSSANSRKIWISYLIPELERLLRSINFTNEKTALISFIDFFNVEFELAWEKKEKKFETFSGSNSESHYENLLHFCGIEFYVSDFEIYFEKDYQHGDTIAKLSINTEITRKLYKRVVETVPQKTSQYLASDDPVTIFEIKLCDFLKSEENYTIAIDIGMVSYIHDIIQEIREIVERGKFQTTSTLYK
73223319,73223319,>UniRef90_UPI000EFA9483|597,Cluster:,ATP-bindingprotein,MLLWINGPFGGGKTQTAFELQHRVPDALVCDPEEVGFGLQRVLPKEMRTDFQEFKAWRQGVVETLDAVLSKHDGTVIAPMTVVVPAYFDETVGRLRELGHDVHHFTLLARPETVRKRLKERGLYGLWYESWALGQVDRCLDALQAEEFAEHIHTDHLPIREVADRIAASAGLPITPNTDTALRRQWRRLRVGIEHMRLP
54081496,54081496,>UniRef90_UPI000B5CE102|384,Cluster:,ATP-bindingprotein,MRRHVGSIPVEPEAVRMAREAVAGRFGEAGVAPGSAFADAVLLVVGELVVNVLRHAPRSPVTDVATTVEAGHLVVGAADAEPCLPDLEPGAMGAGLQLVAEPAGEYDGDVSAEPARRTWRSQDRETTS
73224189,73224189,>UniRef90_UPI00048FBC5D|837,Cluster:,ATP-bindingprotein,MSEDCTHNCESCSSNCGQRTAPQDMHVDPHDLSQIKKVIGVVSGKGGVGKSLVTAMSAVLSSKKGYKTAILDADITGPSIPKMFGIHQRAQQNEDGLLPVNTKGGIEVMSLNLLTENETDPVIWRGPVIAGVVTQFWTDVIWGDVDFMFVDMPPGTGDVPLTVFQSIRIDGIIVVTSPQDLVSMIVEKAMNMAKMMNIPILGLVENYSYVECPDCGKKINIFGESRIEEIAAAKGLKVLGKIPMKQTVAQKCDKGEIEDCKGCHIQAVGELLDEMAKQS
54080316,54080316,>UniRef90_UPI000E6D2CBE|729,Cluster:,ATP-bindingprotein,MVVQTPPPRTRFAALHGLAMADDRLARCATWLGLPSRRGKRDSGPTLALLDGPQGATEAAAWLPPITAWIEPTAGDDAQPSLTLLTTRAGSVDLYINVTTQTANNLHLAERILNALAARHPLPQDRREDLELALHEAISNALVHGNLEVAGMKELSAAELERFSRDLVQQMANPILSQRRLEVAVTLEATAMAVEVADEGNGFQPTPMDCHGASGRGLNLIATVADSIELQDGGRRIRMRFAL
29200214,29200214,>UniRef90_A0A369P7N5|1104,Cluster:,ATP-bindingprotein,MAKVQQETFNPFTPEFGKVPAYFAGREQVLSDILSTFEEQTMNLCALFVGPRGCGKTALLTYLGNEASRLGWVVANVSATPGMLEDIVQRTEESASHLIAASSEKRLTGVSIAGIGGATWSAKDDSDANWRTRMNGLLDRLSEVDAGLLITVDEVDVSLDEMSHLVSTYQHFVRENRKVALVMAGLPFHISSLLSGKNTSFLRRAQRFELGPLASYEVEEAFRLTVEEGGRLINEEALGEAVEAIDGFPFMLQLLGYRAWRMHPDDAFLSVDDVRAGAQRAQRELEDRIFDVTYAELSRADRAFLAAMAQDGKTSRRIDLMERLGKPSGHISTYKKRLVQSGVIGETLDGDFYFALPGFKEYVERRQG
12584916,12584916,>UniRef90_UPI0006D7B1DE|1170,Cluster:,ATP-bindingprotein,MTELSIKNLGQIKSANIDFGDLTLFVGSQATGKSILLQLIKLVFDGENIGETLMKYGYQWEEDLSNFNELYFGEGMRNLWSDSTKVLWRDEEIYLDGLLPNEISDDYEYMNDPEYLFFIPAQRVLTLENGWPRSFTNFEIGDPYVVCRFSEHLRLLMQQGFINKDKDNAIFPQAGRLRQEISDALNASIFHGAKVELNTVEMRKRIQINVNGNLLPFMAWSAGQREFMPLLLGLYWLMPVSHNSKKPDIDFVVIEEPEMGLHPRAILSVILMCLELIHRGYRLLISTHSPVLLEAVWAIRNLQNNNSDVKYLYQLFDLKPSPPITELFENILKNKKLSTYYFDQKEDGVEVRDISSLDPFDEDLSTADWGGLTSFSSRASEVVSQAVQDI
54079733,54079733,>UniRef90_A0A2E3FF09|1545,Cluster:,ATP-bindingprotein,MQDSIFIGGGGENYGTQQGLTLKYANRHGLIAGATGTGKTVTLQIMAEGFSAAGVPVFMSDVKGDLSGIAKAGTQTFKLHDAFAARAEKIGFDDYSYGAFPVTFWDMFGQQGHPVRTTVAEMGPLLLSRLLELSEAQEGILNIAFRLADEQGLALLDLKDLQALLVWLGENRKDLSLRYGNISTASIGAIQRRLMVLENQGATQLFGEPALELADIMRTDPDGRGRINILAADKLMASPRLYATFLLWLLSELFEQLPEVGDPDKPKLVFFFDEAHLLFEDAPKALVDKVEQVARLIRSKGVGVYFITQNPADVPEDILGQLGNRVQHALRAFTAKDRKELRMAAETYRDNPRFDTEEAIREVGVGEAVTSFLQKKGVPGIVERTLIRPPSSQLGPIDPSERKALIDSSPIAGKYETLSDRHSAYEILTKRAQDAARAaeeaerqeeeaaaereykaaRRYSGTRVTRSTSrssrsnsrgdtmgealgkalIKELKGTTGRRIVRGILGSLFKGR
54079607,54079607,>UniRef90_UPI000A300D89|1851,Cluster:,ATP-bindingprotein,MKSMNHLDKIAIKYGNEEPISWELVGLRKINFFIGPNNSGKSRKLRKLFLSDLNKWLVDFNNLSITSLLEYSKERLNEHDVVTVINNRTRTVSINNILEYINKILTDDGDVEVGDIRYYSSKLYLESANGNSSTHDKSVFNKAVIEPYFIKNKKEYDDVNFFYSETKDKVYIPTLRSLRNIQRSEDHDYFLSRTVEDYFENKSLEKNVFTGHSMYQELVKHLLGSHEQRKKVREYENYLSENFFFGQDISLVPMVEKDVVYFKEGNKTERPIYDLGDGIQSIIILTFKVFMAENPTVFFIEEPEHYLHAGLQRKLIETFSQHEDHLFFMTTHSNHFLDLAQERNDISIQQVRQIESETVVQATEKYSDLLNDLGVRASSVLLANCSIWVEGVTDKKYLKVYMDKYIKELEESNSEEDKNRASRLKSYHENLHYVFAEYQGSNITHWDFGDFCDAPSNKTPARKLNQNIFLVADADIDGKGERVNVLSDSLGVKFHLLERKEIENFIPFNILIKTAKARWGTFNRKGTCDIERFTNIKGALFDDNKRGIGEILERYVTKPKGFDRDFFKDKSGTIKDKVKFCNKATEIMSDPNVSWTLTTELTDLCRKIWDHIEKSNA
12584413,12584413,>UniRef90_UPI0009D6683A|510,Cluster:,ATP-bindingprotein,MANTLKSAKLPADNKTIDRYLEGILNSLLMYEAKPYDIHGRSLLRAHSKYYIVDLGLRRLLLPDHQQDYGHIIENIVFLELKRRYLHVYVGRSDKLEVDFVALNMRNEARYFQVALTTLDEKVLQRKLRPLKQIEDSYPKYLLTMDTLNKNADYDGIQKMNILDWLLEKD
73221142,73221142,>UniRef90_A0A329QR97|594,Cluster:,ATP-bindingprotein,MASVESEVSTGTAASQDALSVKIVVAGGFGVGKTTFVGAVSEIEPLRTEALMTDASSSVDDLTMLPEKRTTTVAMDFGRITLAEDLVLYLFGTPGQNRFWFMWDDITRGAIGAVVLVDTRRLADCFGAVDYVEQRGIPFLVALNAFEGNLLHQVDEVREALQLGPEVPFVVTDARDRESVKNVLVTLVEHAMSMVQQG
29207815,29207815,>UniRef90_A0A372GEX8|3015,Cluster:,ATP-bindingprotein,MQPYRRGAAPPPATRGEEPPGPWYRIQAIPAPQRDASAEWDFVSVLPAALSAARLGRSFVVGWLSAGGGAPLELITNAGPIGTPEPGGEAHGLLFPSGGRGVPVGDGWLRQAERMVWTRCPGRLAPQVGRADAGPGLFEATLVTLMERPFGWFVVADPCDERLIDTEMRELHHELRMLRRGEDEQARLAVARADQRLAELDAFREAGLWQVRVLAGAATEAELGQIAPVLVGSMELGHHPYRLRSGYGSGSFRAMLQRAPTEGPATVRSVAEPEQRFPFVATAGALAALAGLPRREVPGLRVLDAGYFDVTSETDGDAEEARIELGAILDGQDRQVGRLTVPRSTINRHVFVTGATGAGKSQTVRHLLEQLTRAGIPWLAIEPAKSEYAAMAGRIADLGGPVTVVNPSDPGSVPLSVNPLAPEPGYPVQAHIDMVRALFQAAFDAEEPFPQIMAQALQRVYENNGWDVVTGAGVPGSLIEPAVPTLEQLQNAALQVISDVGYGRELMADVQGFVDVRLRSLRIGSAGRFFEGGHPADIGGMLRDNIVLAIEDVANDEDKAFLMGTLIIRIVEHLRMRERGRDGSDPSWDPRRRTGGPALRHVIVIEEAHRLLRNRGPERTSSHAVELFAGMLAEIRAYGEGIIVAEQIPTKLVPDVIKNTALKVVHRLPAFDDRHQVGAAMNLDDDQSREVVSLRPGVAAVFADGMDRPLRVRVPLGEGREGERPGPPPPVDGRRSAACGCECRSGRACTLYELREADLVAGHPDWAWLRLWAETLVLAHVVNRPMPAVPPELARAWSRLTPRLRECALATVLERAVTRRSRALRTAYPPAELTAAVAEVAGRLLTGGAPGTAPGPDWVIPQVRWLHELDRLFPFGGGAPDKHAPAPPLDYPLPGLKQPPDPKLGHRLRALRRHPLSMELERNRPVALTALYGDDDHAGFHEDLSVVAIGFEEDEQIGHVAATMGVVEWLDPVLSWFERFVAPFEDPSAGLPFLGRVPGTETDAE
29209762,29209762,>UniRef90_UPI000E722399|2565,Cluster:,ATP-bindingprotein,MRVPPISREAQSMAVTGGAPPWAPQYVQEADVPMVTARRRRRRSIGFRLLLPIAVATIGVGVLGGMQTSSAMDEAREAESSGAVAQALTATVKLNHQLEQELSETEALLQRGGKAGELLLTAQRRRTDEALARYRVTVPVAVRVAPEIRGLVDDADAALAELPRMREAAQFPPEGQPAVKTSPETVYDPLTHAMFAVGEALAAAPTDVRLNALTETVAALNAVEHHAAEQRGLLRTVFARGRFEHGELAELGELYGAEAERVAQFERVAGPQVAARYREVVRGADVDKARTLLEGALTADSAPAGLRVDPDAWFIAKSNALRRLYLFELEVIGSLEAEATRQHAAAERDALTSGGASALVIVVSLGIAVLLSVRTSRGLRRLSRSAMDIASGELPTAIAEVSSAPGVETVRRLVRASNEQAEKALSGPNDEIGEVGAALANLHQQALRLAADQAMLRHDISQMFVNLSRRGQTLVQRQLHLIDEFERGETDPQSLAKLFALDHLAARMRRNEENLLVLAGGEPGRRFVNAELLVDVVHAAAAEIDQYPRVETNSIADLCVVAHAVGDVVHLLAELLENATDFSPPNSRVLVTTRRGVDGLTINIFDAGIGMPPGQLQEINERLIRPSMLTSELARTMGLLVVARIAARRGITVQLRSSPGGGTVALVLLPTALLAPPHSAVSRLTVTSGNGNLPDGETLRTRRPGARPAGAAPAMTARPpipappsaptptgppaavqspapttspSTSPSMPAPAATFAGAADAPTQAIPAVRQAPPDRPPLLPSGLPQRRPGDLASPGRAATASSRTDSSGLLDPEAVRARLSGLAGGIAAAHRELAREQRLSAPPATKESTR
54063383,54063383,>UniRef90_UPI0006BB956F|1830,Cluster:,ATP-bindingprotein,MKVLGLTSSSEFYVGSKERNFRINEYLIVEDKRQGSLVFEVMEANTYNRYLPLNIGGDLVDSSVIESLQAIGYIVDDETVYIGKCRLLNEASYPIETGSRVREPKFDEIKSFLLNGNLDSSLLLGAIKNTDKVYNQMDESLKNLYHTLEDSISYQGDVPFLFNINEMNQYPHIGVFGGSGSGKSYGLRVFIEELMKKRIPTIIFDPHYEMDFQLNSENPSAKTSYGDNYNTFVIGQDVGIDFKDVRPADLKRLLSSTSQLTEPMESSIDLLYSHFGLGKGPADIRTFELLIDDLLEMKSFSSADAIQTEINNSTGETQAKYNRLLSLYKKYDKKTNESTLRGLSWRIRSLINDGVFTRDSQEVAETLFAGKTAVIQGSTRLLQVYGSYLMSKFYNNRRSYKDKDLDYFPPFVIVTDEAHEFAPKGLPKPSKSIIKEIAQEGRKYGVFLVLATQRPTLLDETVTAQLNSKFIFRTVRATDIQTIREETDISSEEAKRLPYLKTGDLFASIASMGRTIFSRVRLAETIKPNMENPFDELRKMADETDDKFFKLIEGELPISSTDLLPLIEILERNGMKMNVNILEDKLNDLVSKGRLEKESGIFGDEFKLKK
29213281,29213281,>UniRef90_UPI0009F97B25|555,Cluster:,ATP-bindingprotein,MQAMMHDLSLVNVDATTAPLRNVAMAVSALTRAMERPIHLPGMVVLYGPSGYGKSSAASHAAVKHRAYYIEVKSAWTRRHFALAILRSMGIEPGRTVPEMVDQIAEQLVKSGRPLIIDEMDHVVDRSMVHLVADIYNSSSAAILLIGEERLPQKLKRWERFDGRILDWVGAVPCDLRDAAHLRAL
12571863,12571863,>UniRef90_UPI000C1BB830|825,Cluster:,ATP-bindingprotein,MADCNSKCSDcsqtcsDRKESSNFLIEPNASTKIGKIIGVVSGKGGVGKSLITSLLASDMARKGYKVGILDADITGPSIPKYFGINEKAVGNKEGLIIPPVAENGVRVVSVNLLLEDSEAPVIWRGPIVANVVKQFYQEVEWKELDYLFVDMPPGTGDVPLTIFQSLPIDGIVVVTSPSDLVSMIVKKAVNMANMMNIKIIGAVENMSYLKCPDCGKEMSVFGESKIADTAKEENIDTFSRIPINPDISRSTDAGRIFDIKEDYLFDIVDKIEIL
73237427,73237427,>UniRef90_A0A0M8S843|630,Cluster:,ATP-bindingprotein,MAYADDCDTRLAPALPATLKILVAGGFGAGKTTFVGAVSEIEPLCTEELLSGLSEEPDPLDGVDAKTSTTVALDFGRLTLDERHVLYLFGTPGQQRFWFLWEELCAGALGAVVIADTRRLADCFPAVDFFERRGIGFIVAVNEFDEGHRYTAEEVREAVGLGPEVPVVRCDARLTSSGTGTLAALVHHLLFTAATDKSAKSWDRDGGKPR
12571544,12571544,>UniRef90_UPI0004C0FC44|438,Cluster:,ATP-bindingprotein,MEGQQAREVVWPRRTGLSEGATYDGRRGTVGAARVFVADFLDRAQNEHGVAVTAALLEDARLVTSELVTNAAKYAPGPCLLDLDLELDAGILRITLWDTQPSLPVPSEADPARVGRHGLEIVLALCRRFEVERQAGGKRVQVDLEL
12571183,12571183,>UniRef90_A0A2V6RNL6|408,Cluster:,ATP-bindingprotein,MRFLREVRVAITADKDIVTARQRGERIARDVGFPSSDPTLIATAISELARNIVRYATRGEVILRVIENQTTLGIEVVAVDKGPGIRDVSMAMVDGYSTSGSLGLGLAGVRRLMDDFEIKSASGKGTTVTARKWRRR
12571086,12571086,>UniRef90_A0A1E3SBK1|1470,Cluster:,ATP-bindingprotein,MTARGTLYGVGLGPGDPELVTVKAARLIGEADVVAYHSARHGRSIARGIAEPYLRPGQIEEHLVYPVTTETTDHPGGYAGALEDFYVAATERIAAHLDAGRNVALLAEGDPLFYSSYMHLHTRLTQRFNAVIVPGVTSVSAASAAVATPLVAGDEVLSILPGTLPVAELTRRLADVDAAVILKLGRSYHNVREALSASGQLDDTFYVERASTPTQRVLPAAEVDETSVPYFSLAMLPGGRRGKAVTGSVAVVGLGPGATEWMTPQSQRELSCATDLIGYANYLDRVPVRDGQRRHPSDNTDEPARARLACELAEQGRAVAVVSSGDPGVFAMATAVLEEAKQWPGVQVRVIPAMTAAQAVASRVGAPLGHDYAVISLSDRLKPWDVIAQRISAAAAADLVLAIYNPASKSRTWQVGAMRDLLLEHREPGTPVVIGRNVSGPDEEVRVVRLADLDPADIDMRCLLIIGSSQTQWHATDYGDRVFTPRRYLR
73239499,73239499,>UniRef90_UPI000E480F0F|5835,Cluster:,ATP-bindingprotein,MQSPIHEGYEYQDYFTVSIILQLMLKQTDAEIIIDRKDFSGDKFDDLKVKTPNGTTEFQIKYSDDEYSHKLAKDDFANGNGHDTALCDLFASWKTRKESENDTQIKLCLAWNRPDDDDPIVEFLKPIQEQALPFSIVAYSFDGEGFWPVGNLPPKTWRKFNLAVKSGLIDREAFLSFCNELTIILEMPKASLDLKNPGGIENVIIRQAEKLGVGIYPNDNLNLEEVIYKLATEVKRSRAMGNRLYINTLMGRLGFIRDYGKFDQRFPVDSAHKVMLDDEIESLHRAIRDSKRVIITGNPGSGKSWLVDEYIDKLENDDSKVIHYNCFQSLQDTNSLERIRVTSLYGNLVSQIVEQYPELVEHKNTMLGADKAELENLLRLIGGEFYLVVDGLDHISREYDLHKDLISRSETEIISELLEIHFPDNCYVTIASQPIDALDEFKANSYCIFKIEPWGIKQVKSLMATFQIADDTIKGDDSSISEYLLKKSQGNALYLNYILRQLRNSNVNKELIDGIPDYDISLSEYYSYLYKKIHNNRTVNALCGADFYLSLNDLMEITGDGEFVEQDISMLHPLLAENVLSGGFSIYHESFRRFVLSSLENRKVDIEKNVYGILTDWLQEKPFFKFDKSFYYLSELLYKIKKDAENIALIDKKFVLNAVAEGYSRKRIRMNLNCIIRSAARIRNLVALITAGELLAMLDDMNEFESTGEEYFQALCDIKGASKLNQLMQIDGKPSFDMNTGKIACYISSKAGITPWWKLYLDIEAKQYKIEELKYYYRYYLDEQGVSIIPKLMEAIEKEKASIRNQCIEIAYGELKDYIEFDEIASIAEEQQLIYWKNYLSYIETGYYPQSEISFEVAIGKWEKIKTLRMPGEKDIRIFIELFSQIYYLAEKGDRKVIETVCSDCENINWFYNWIIYSVKMAELCAHTEQMNSKIICESVITNLELLLQDTEVFKGEPRTCDLYFLQNELTRSYEQAIELIVQNGTVGDLEKALSILERLDDETGTSLDHTMGGPLTDAEFLGVISRFLTINNYEIVKPYLLRTQEKIEKNEVYDCIAAAKLRFVSLISKYNQTEALECFDISTRYLVAYGYHKDIILLQIMDSYNVFFESVSGNPEEERDTITKMTIALWNHTDGRETKHFLNRWFDKLLKTDSRYALAFLFELQIKFGKSWVVEGMLRSAIEKYCNDLGFLDIVIGLIESLPNDTSPRIIDASTSIFRTLEQMCTGADVDERLLIKSRMKEFVINIVSRYNILDNPWPDNDSWKDGSIKEFLLTVEAAGFDVSQYIEYFHIKKTNDMENKEDKKTIDVFEATQTCFEALTPEDAKKWFETHDLIERDVQDICGFLKNYQNDKGTLLELLRFIITKSGGWSYSQKRKDIILQIIGRLELDDEEMSEVHMLMYLYSYEWGSSLIDKDEFLNSIRLSSDVGRNTFYSELPEVIISHSGRITKGLLDALFAFEYDKDIIVEIWRNVFDIMKLRFPNLDQYTSDNIFEETDELLELRNCLLMRFIDGGKESFLATYAYLANAAEKEKFSEFTESIVFCLEHYEQYNLVTQIAIADLVRCYGWCLKDMNIDRMISAINVVYPTGNLLLDVIFSEFTVYNSYLLVCSDKHAPDYMEQEDVEFYLAEQLYDLGKEEVQEGTDEYAENSVYRDPIMQVLDTSGINYIEIYKKLHASRRLNDKMQDFVGGASKILETNTVYKSYVIQYALHAIIEKAFIDREPELLPQTLFRLIPDYQGMYKLFKCRDMQPQNHLYDKNNSCEPFLINNKDEYILIGCSEIKKHIDYHQTSLIFAYQGIVGEAGDEHQIPFQQYLATAVEEGEIYTILDNPESLIDFIRTLDRELEDEDYLWPGTSVSKLLDVHIEFDFLNGRYIAINQEKDVVFIMKKWSSSYKGDSEYHGNAIPLYSGTKLYIKKEYIGILEQQFGTLMMKTCVQSYTQDY
29214501,29214501,>UniRef90_UPI00048F5A63|387,Cluster:,ATP-bindingprotein,MNSLQFNLSQSAIHSQHFCTELDQFLLQNSIIAGQRFKIVTCILEAVANIAQHSQVDLAQVSLIIRCERDKVTIDLLDNSPFIEPQKPSCPPPLSLTGRGLWIMQNWMDQVRVQASVAGTHLRLSLLRH
54059081,54059081,>UniRef90_UPI0006E29A73|486,Cluster:,ATP-bindingprotein,MIHLILGNTGSGKTTYSNQLKKATKGIIFSIDTWNNTLFLADKKPDDGLDWFLERIERAETIILDLVTQLENANTDAILDLGLSKLAHREKFRKFAALHDFQIKTHFLDISKAARLERVLKRNEEKGDTFEFEVSKSDFDFMETWFEKPTELEMKDGVTITE
54058834,54058834,>UniRef90_UPI0009FE307C|1146,Cluster:,ATP-bindingprotein,MIFIAGPRQVGKTTVARLVQGERGCYVNWDNLADRKILLKGPDAMATRCGLSLLREESVLIVFDEIHKYAKWKSFLKGFFDIYGDQCKILVTGSARLDVYKKGGDSLLGRYFLYRMHPQSVAEIFEPVLLETEIRKPGSIPQDKLDTLLQYSGFPEPYLANNRRFYNRWQRMRLDLLFREELRDLTRIQEVGQVQVLAKILQYQASQSVNYSNLANEINVSVDTVCRWIATLESLYYCFSVRPWFRNIPKSLRKQPKIFLWDWSGIKNDGARHENFVASHLLKAVHWWTDIGLGEYHLYYLRDKEKREVDFLVTRDDIPWFLVEVKTSGKQSLNKNLFYFQKKTGAQHAFQVAFDLEFIEQDCFSVKKPVIVPATTFLSQLV
12566418,12566418,>UniRef90_UPI0003083337|1314,Cluster:,ATP-bindingprotein,MQQNPFIVGQTVSPESFVGRKSEIDAAFDQIFNRSHLAIWGGPGMGKSSFLEKLASPQVWEERGENLSKIVIVLFSCQSINPFTASGFWKEVLIGMKGQLDTEPALQTDIETLLEQGLTTKDCLRQTLKKLGKKGKFLVLLVDDYDAALYENEQYTQADMVTFLSECRNLAYHCQERKYLSMIVTSLMRLNELGPPLSPASSPWYNHYLFQSLKLFSEKEVDQLLGIVPETPQSQPLRDIIREIAGGHPALLQNAGSLLYRELPTAQGTALDAQAFAGKFESDTRQIFQNIWKRCSEQEQSLLMLIALYPLKGRLHKNSYDLSGIDIIFSQKERELTNLEEQGVITRTEQGNKKIPSFTSSLMEEWVIQELGNTNNESLEKRRKVFLKLMSHEQAENVTQAIRWLWNHTQEISSALELFGKLSAAFPKGAIQGLFNWI
54058813,54058813,>UniRef90_A0A251X7W6|3402,Cluster:,ATP-bindingprotein,MPHMLNLSALRDAIQSFNFQLLFDELGWNRAEKKRPFSLSLDESDFLCQAIAELGRVQVFVIQAKNNAFPHAKQRAQIARQITEFYSAENVLIFTDKKTKAVFFWLKQTEKNPAPREHVYFCGQSGDALMSKLASLWVDYSELNHEGDLSLLEVLKRLKKALDIEPVTKKFYAEFANLLDEFVAHIHGIPHEHDKRWYASVLVNRIMFIWFLQKKGFLDHGNRDYLPCYLNLFQEKQTDIFYPQFLRILFFEGFAKPAAERSEKAACLGHIPYLNGGLFLEHVLEVRYRDTLIIPDQAFLRLFKLFDNYSWSLDDSPTGNDNEINPDVLGYIFEKYINQKAFGAYYTRREITEYLSQQTIHRLILNRLNSPEIPDVCEAIAFDGIDELLTHLDGSLKNRLLSQVLPTLKLLDPACGSGAFLVAAMKTLVDIYQAAYATHLSTHELYEIKKQIITHNLFGVDIMDEATEIAKLRLFLALVASVEKADDLEPLPNVDFNIMAGHSLIGLLSVDGKEFDQFSLLEKDKVLSYSQLLTEKNRMIALYREATLFSKDLRQLRESIEQAREKAQLVLNQLLLNEFNALKIKFEQATWDEAKNKEGKPIKRILTLADIERLRPFHWGYEFSEVFAQGGFDAIIANPPWDTFKPNGKEFFSSHAESISKNKMSIKDFEKEQSKLLQDSALKKAWLDYLSQFPYISEFLRKTSQFKFQSALVNGKKTGSDLNLYKLFVEQSFNLLQKGGVCGIVIPSGIYTDLGATGLRHLLFEETKINDLFGLSNEKFIFDGIHHSFKFCLLTFEKGLKTTDFYSAFRINPREAIKIDKLLDFLHDRNEHVKLSVDLVKKLSPDSHSIMEFKSILDVRIAEKMLRFPLLGESLDNTWNLKLTREFDMTNDSHLFKTESGAGRLPLYEGKMIHQFTHLWGNAKYWLDEQETRQTLLGKKPDNGQLLDYQNYRLGFRRIASSTNERAMIATILPKNNFASESFNLSEGQFLENSELLFLVSVFNSFVFDYFLRQKISANLNMFYVYQMPVPRLTANDAIFKEIVYRAACLICTTTEFDDLKNTLNQQSIKAITAAIDPDTRLQLRAELDAIIAHLYGLTEHELQHVLNSFPLIEERFKKMILSEFLKTEQHLFV
54058564,54058564,>UniRef90_A0A081MPA2|1524,Cluster:,ATP-bindingprotein,MQVGIDMGTVSGGAPAKLDIEELLATRLLVQGNSGSGKSHLLRRLLEQSAPWVQQVIIDPEGDFVTLADKYGHVVVDGERTEAELVGIANRIRQHRVSCVLTLEGLDLEEQMRAAAAFLNGMFDADREHWYPVLVVVDEAQMFAPSVAGDVSEDARKMSLGAMTNLMCRGRKRGLAGVIATQRLAKLAKNVAAEASNFLMGRTFLDIDMARAADLLGMDRRQAEMFRDLKRGNFVALGPALSRRPLPIVIGSVETSARSSSPKLMPLPDAPQDVEDLIFTPDPEEFTRPMTRRAPPAPRPTTDILAELSRSVPAASpaaqeqsqrpaqpelspeAREERLNAVLSEIIDDPQAAYRTDAVLYQDFLVRLRMRRLPGPPMAMREFRRRVAISRAGVDKETAETPGWQTALELSVRVSDDLQGVFLLLARAALLAEPCPSDMRIAKAYGTHSARRARRLLGYFEEQGLVVVHSDFSGKRIVAFPDLDVQTSPGAPDAQDEEPVERQHAAE
29216529,29216529,>UniRef90_UPI000F4A6974|609,Cluster:,ATP-bindingprotein,MLLWINGPFGGGKTQTAYELRRRLPGSVVCDPEHIGFGLHRTLPPSLRGDFQDLPAWRRGVYEVLDLALREYGDGPVIVPMTLVDPGYFTEVVGRLREVHGEERVRHFALLAERETVLKRLAERGLGRGLKRESFAVARLDECLERLAGPEFAHHLRTDRMPvprVADEVARLAGLRIAPDTDGRLRHRLRRIRIGLSHIRFD
29212738,29212738,>UniRef90_UPI0006B4556C|1266,Cluster:,ATP-bindingprotein,MKKYKKIFIGSLIVGLSSLMYIDFYISNFKFSFAGVVFPFLILIYDEFNPILFGFTSGISLLSCRGLFYGLFRGLLGTTFCYTMPETIFYIVYGIIFYIIKRNVQTITYSKLFIISVFNDLFSNMVEVYIRIGNSLFTTNYEIMKVLFLVALVRAGLVWLLIMGYKYHKLFLVKEEHDKRYKNLLWLTSRLKTEIYWMEKNMDHIEKIMSDAYELFLNIKDDDNRENWANEALEIAKDVHEIKKEYGMVVAGIEEIMENRLDNTGMYFSELILILEETITREIKGQGKNISVQYDAGKNFYTEKHYYLMSILRNIISNAVDAIEDQGTIKFVHHIEGSIHLFIISDSGCGIKDEDLPHIFSPGYSTKIDYSTGQVNRGLGLTLIQNILRVQLKGDIKVESKEGRGTTFEISIPTRELEGLDE
73231638,73231638,>UniRef90_A0A0H0ZXF7|2205,Cluster:,ATP-bindingprotein,MVTQENGATFEENAVFHADPWLDALRHVAQHYRLPISMQAARQAARWSNLETDREKIGALARTIGLRVKFAEPGTIELSSWQLPLIARLRGGQVGVVKSLGAAGEASVILHGDRGLETPIPIEELLRNLEAVVIPRPARAIPDARVDAYIRPYEDNWLRRIILRDLRPYGHVMLASLVANSLGLAGILFSMQVYDRVVPAESFNTLYLLFGGVLLAVVFDFIMRRLRMNIIDLLGKRADLRISDRVLGHALRVRNRARPASTGTFIAQLRDLEQVRDMLTSTTVAALADIPFFLLFLVVFWYIGGTLVLVPIGALLLLVIPGLLAQRRLRGYASEAMRESSLRNAMLVEAVQGIEDIKTLQAEERFQQQWNHFNAVTGEVQIKLRSLTNTLTVWTHNVQTGVFAVVVLLGAPMVMEGDMTTGALVAASVLGSRMMAPMAQITQVMSRLQQAKVGAESLNQIMRMPIDHPEQESRIHCPRIMGGFNLKSAVFRYGDDTSPAALAVRDLRINPGEKIAVLGKNGAGKSTLLQALSGLLEPSSGEVLLDDMALQQIDPADVRRDVGMLTQNARLFHGTLRDNIMMGAPHASQEEILGTLSMVGADEFIRKLPRGLEHVVLEGGHGLSGGQKQAILLARLLIRQPNVVLLDEPTASMDEATERHFIQRFMGWSGERTVVIATHRMRVLELADRILVVENGLIALDDTKEAALRVLRGLANVKPASAKEHATDRSASSVS
73235511,73235511,>UniRef90_A0A2S5G9J1|663,Cluster:,ATP-bindingprotein,MKKVSTGRNALTLQAGPAEWIMATDNSGAIGEKEYDEIKTPYHVVSYFSFRSAVLDCLSAGALPKAVLLHNFCGNNAWNSLVEGIQNGVRELGLSSITITGSTESNIVLSQSAIAVTVMGERVREFSIKPEDSLKWTLIGEPLVGMEVLMYPERIAPLQTAIDTFKDDQTAILWPVGSNGIRQEWKNLCAQQGLPESDPPFSANLDQSAGPSTCFIAGKRS
29212487,29212487,>UniRef90_A0A3A9ZC96|1548,Cluster:,ATP-bindingprotein,MQRSRGQDPAAGRWLLPPGLVTLGGLAAVFLVPREARAAVLWCAALAALSVAAVSGETIRRGRRIARLEERLERQLADTELVAYEQLPVALEKLKQGRLEEDVMPPADPESSSDPRLAKAHRSMLYAILDVLREKEYQRDSAKRAIVNIACRIQSEIHRLQDDIVKMEFRHDTPDVLSDLMHLEHGINVTGRFATALAVVGGGAPVRRWERPITLYDVMRAGSGPITEYLRVQQHRVIDVAIAGQAAESVIMLFAELLDNATRYSPPGSSVVMNTEEVALGIEVSIEDKGTGLTDESRRRAEFLLQQGVDGLDLEDLGETARIGLRVAGILASHWGIRISLRPSTCGGVRAVVFLPNELIVHVPPPPYKLPPLRPTPNWPRRPVGPEGEAGGDRGDESAEGRAYERTAGGLPQRRRRRGTGAAPAEGPLPTRPAHEEPRSGHGELAPPGMWVDAFFAGLRGDRAEAEdgeypaypghqgtrpgrgARPGPAGFAGRGEYGEPAGGPEPEDDGEDAG
29210070,29210070,>UniRef90_A0A2V8VD17|399,Cluster:,ATP-bindingprotein,MKSEVRVPINSGADILTARLEGRQLASEAGFNNSDLTVIATAISEVARNIVQYARTGEIILGVVQDGNKRGLRVEARDDGPGIPNIELAMQDGYSTGGGLGLGLPGTRRLMDELQIDSKVGRGTTVVATKWIR
